district,square,price
Московский район,11.7,3300000
Московский район,15.29,2850000
Московский район,16.0,3700000
Московский район,16.0,3650000
Московский район,17.0,3700000
Приморский район,17.0,4500000
Приморский район,18.3,4500000
Московский район,18.4,4500000
Приморский район,18.4,4300000
Приморский район,18.6,5350000
Московский район,18.85,4790000
Пушкинский район,19.0,3999000
Приморский район,19.34,6062000
Московский район,19.4,5999000
Московский район,20.0,4950000
Московский район,20.1,4900000
Приморский район,20.27,6533000
Приморский район,20.3,6800000
Приморский район,20.3,5600000
Пушкинский район,20.5,4090000
Приморский район,20.6,6000000
Приморский район,20.68,6691000
Приморский район,20.68,6322000
Приморский район,20.75,5200000
Приморский район,20.8,5500000
Приморский район,20.8,7587000
Московский район,20.9,3750000
Приморский район,21.0,5100000
Приморский район,21.0,6900000
Приморский район,21.0,4390000
Приморский район,21.0,4600000
Приморский район,21.0,5100000
Пушкинский район,21.0,41100000
Пушкинский район,21.0,3680000
Пушкинский район,21.0,4300000
Приморский район,21.1,7100000
Приморский район,21.1,7100000
Приморский район,21.1,5200000
Приморский район,21.1,6500000
Приморский район,21.1,6500000
Московский район,21.14,5790000
Приморский район,21.2,4950000
Московский район,21.3,6700000
Приморский район,21.3,4799000
Приморский район,21.4,5200000
Приморский район,21.4,5200000
Приморский район,21.4,5621000
Московский район,21.47,5690000
Приморский район,21.6,5540000
Московский район,21.64,5900000
Московский район,21.64,5900000
Московский район,21.8,7100000
Приморский район,21.8,5290000
Московский район,21.9,7149000
Приморский район,22.0,4500000
Пушкинский район,22.0,3900000
Московский район,22.08,6700000
Приморский район,22.16,5015000
Пушкинский район,22.2,5250000
Московский район,22.3,6000000
Московский район,22.48,4950000
Московский район,22.6,5500000
Приморский район,22.6,5345000
Московский район,22.7,7900000
Московский район,22.74,5500000
Московский район,22.8,5150000
Московский район,23.0,6250000
Московский район,23.0,5150000
Московский район,23.0,6400000
Московский район,23.0,5650000
Приморский район,23.0,6500000
Пушкинский район,23.0,4900000
Пушкинский район,23.0,5400000
Пушкинский район,23.0,4500000
Московский район,23.03,5319000
Московский район,23.03,5372000
Приморский район,23.03,4800000
Московский район,23.1,5343000
Пушкинский район,23.1,4500000
Пушкинский район,23.1,4700000
Приморский район,23.2,4500000
Пушкинский район,23.2,5950000
Пушкинский район,23.2,2500000
Московский район,23.26,4840000
Пушкинский район,23.3,3900000
Пушкинский район,23.3,3450000
Приморский район,23.4,7650000
Приморский район,23.41,6180000
Московский район,23.5,4978000
Московский район,23.5,5200000
Московский район,23.6,6700000
Приморский район,23.6,5999000
Московский район,23.7,5300000
Приморский район,23.7,5700000
Приморский район,23.7,5499000
Приморский район,23.7,5400000
Приморский район,23.7,9000000
Московский район,23.79,4946000
Московский район,23.79,5053000
Приморский район,23.8,7150000
Приморский район,23.9,5300000
Приморский район,23.9,5600000
Приморский район,23.9,4750000
Московский район,24.0,6300000
Московский район,24.0,4700000
Московский район,24.0,5550000
Московский район,24.0,6800000
Московский район,24.0,5300000
Московский район,24.0,5000000
Московский район,24.0,5492000
Московский район,24.0,6350000
Приморский район,24.0,5100000
Приморский район,24.0,5100000
Приморский район,24.0,5100000
Приморский район,24.0,5100000
Приморский район,24.0,6250000
Приморский район,24.0,5100000
Приморский район,24.0,4848000
Приморский район,24.0,5100000
Приморский район,24.0,5449000
Приморский район,24.0,5100000
Приморский район,24.0,5100000
Приморский район,24.0,5820000
Приморский район,24.0,5100000
Приморский район,24.0,5100000
Приморский район,24.0,5100000
Приморский район,24.0,5100000
Приморский район,24.0,5100000
Приморский район,24.0,5100000
Приморский район,24.0,5900000
Приморский район,24.0,5100000
Приморский район,24.0,5100000
Приморский район,24.0,5100000
Приморский район,24.0,5100000
Приморский район,24.0,5100000
Приморский район,24.0,5100000
Приморский район,24.0,5100000
Приморский район,24.0,5100000
Приморский район,24.0,5100000
Приморский район,24.0,5100000
Приморский район,24.0,6390000
Приморский район,24.0,5100000
Приморский район,24.0,5100000
Приморский район,24.0,5100000
Пушкинский район,24.0,5100000
Московский район,24.1,7190000
Приморский район,24.1,5200000
Приморский район,24.1,5449000
Приморский район,24.1,5250000
Приморский район,24.12,5200000
Московский район,24.15,7691000
Московский район,24.2,6449000
Московский район,24.2,6200000
Московский район,24.2,8099000
Приморский район,24.2,6450000
Приморский район,24.2,5399000
Приморский район,24.2,5700000
Приморский район,24.2,6800000
Приморский район,24.2,4550000
Приморский район,24.2,5499000
Приморский район,24.2,4900000
Московский район,24.26,5050000
Приморский район,24.27,4700000
Московский район,24.3,6500000
Московский район,24.3,7200000
Приморский район,24.3,4840000
Пушкинский район,24.3,4700000
Московский район,24.35,6250000
Приморский район,24.35,8000000
Приморский район,24.4,5799000
Приморский район,24.4,5150000
Приморский район,24.4,5290000
Пушкинский район,24.4,4200000
Приморский район,24.43,5900000
Московский район,24.5,6199000
Приморский район,24.5,4250000
Приморский район,24.52,4400000
Московский район,24.56,4390000
Приморский район,24.57,6000000
Московский район,24.58,4850000
Приморский район,24.58,5700000
Приморский район,24.58,5500000
Московский район,24.6,4950000
Московский район,24.6,5770000
Приморский район,24.6,5800000
Приморский район,24.6,5700000
Приморский район,24.6,5200000
Приморский район,24.6,5200000
Приморский район,24.6,5100000
Приморский район,24.6,5150000
Приморский район,24.63,4700000
Московский район,24.7,5900000
Московский район,24.7,5770000
Московский район,24.7,8500000
Приморский район,24.7,5650000
Приморский район,24.7,5000000
Московский район,24.8,7000000
Московский район,24.8,5500000
Приморский район,24.8,6300000
Приморский район,24.8,5800000
Московский район,24.85,7381000
Приморский район,24.85,5850000
Московский район,24.9,5425000
Московский район,24.9,5000000
Приморский район,24.9,5400000
Пушкинский район,24.9,5400000
Пушкинский район,24.9,4350000
Приморский район,24.92,5200000
Московский район,25.0,5500000
Московский район,25.0,5980000
Московский район,25.0,8009000
Московский район,25.0,6000000
Московский район,25.0,7050000
Приморский район,25.0,5800000
Приморский район,25.0,5000000
Приморский район,25.0,4950000
Приморский район,25.0,6000000
Приморский район,25.0,4900000
Приморский район,25.0,5150000
Приморский район,25.0,5100000
Приморский район,25.0,5650000
Приморский район,25.0,5625000
Приморский район,25.0,4900000
Пушкинский район,25.0,4000000
Приморский район,25.02,5300000
Московский район,25.1,5106000
Приморский район,25.1,4380000
Приморский район,25.1,5950000
Пушкинский район,25.1,3980000
Пушкинский район,25.1,4000000
Приморский район,25.2,5750000
Пушкинский район,25.2,3750000
Пушкинский район,25.2,4900000
Пушкинский район,25.2,5000000
Московский район,25.3,6449000
Приморский район,25.4,5600000
Приморский район,25.4,5100000
Пушкинский район,25.4,5250000
Пушкинский район,25.4,5000000
Московский район,25.46,5105000
Московский район,25.47,7600000
Приморский район,25.48,5700000
Московский район,25.57,5600000
Московский район,25.6,4570000
Московский район,25.6,4750000
Приморский район,25.6,5499000
Приморский район,25.6,6950000
Пушкинский район,25.6,4790000
Московский район,25.63,7550000
Приморский район,25.65,5300000
Приморский район,25.66,5000000
Московский район,25.7,7400000
Приморский район,25.7,5250000
Пушкинский район,25.7,3450000
Пушкинский район,25.7,4990000
Московский район,25.8,6400000
Московский район,25.8,4550000
Приморский район,25.8,6500000
Московский район,25.86,7450000
Приморский район,25.9,5000000
Московский район,26.0,6290000
Московский район,26.0,7500000
Московский район,26.0,5600000
Московский район,26.0,6200000
Московский район,26.0,4750000
Московский район,26.0,5690000
Московский район,26.0,11300000
Приморский район,26.0,7300000
Приморский район,26.0,5350000
Приморский район,26.0,5750000
Приморский район,26.0,5700000
Пушкинский район,26.0,3400000
Пушкинский район,26.0,3250000
Пушкинский район,26.0,3550000
Московский район,26.1,7950000
Московский район,26.2,4250000
Пушкинский район,26.2,5835000
Приморский район,26.3,6800000
Московский район,26.4,6150000
Пушкинский район,26.4,5100000
Пушкинский район,26.4,4360000
Московский район,26.5,6200000
Московский район,26.5,6950000
Московский район,26.5,6200000
Приморский район,26.5,6500000
Московский район,26.7,6000000
Московский район,26.8,7500000
Московский район,26.8,7600000
Московский район,26.8,7500000
Московский район,26.8,7900000
Приморский район,26.8,5850000
Приморский район,26.9,6000000
Московский район,26.93,5500000
Московский район,27.0,6570000
Московский район,27.0,7000000
Московский район,27.0,6100000
Приморский район,27.0,7150000
Приморский район,27.0,7450000
Приморский район,27.0,7000000
Приморский район,27.0,5150000
Пушкинский район,27.0,4700000
Приморский район,27.07,4999000
Московский район,27.13,11123000
Московский район,27.16,6820000
Московский район,27.17,6374000
Московский район,27.2,11970000
Московский район,27.2,6800000
Пушкинский район,27.2,4800000
Пушкинский район,27.26,4865000
Московский район,27.3,6700000
Пушкинский район,27.3,4900000
Приморский район,27.4,7200000
Московский район,27.62,6362000
Московский район,27.62,6186000
Московский район,27.7,14000000
Московский район,27.8,9200000
Московский район,27.8,8300000
Приморский район,27.9,4900000
Московский район,28.0,6700000
Московский район,28.0,6500000
Московский район,28.0,9800000
Московский район,28.0,7200000
Московский район,28.0,6100000
Приморский район,28.0,5849000
Пушкинский район,28.0,5850000
Пушкинский район,28.0,4690000
Московский район,28.08,5212000
Пушкинский район,28.08,4399000
Приморский район,28.1,6500000
Пушкинский район,28.2,4650000
Приморский район,28.3,7500000
Пушкинский район,28.3,6850000
Приморский район,28.33,7000000
Московский район,28.4,6850000
Пушкинский район,28.4,5890000
Московский район,28.5,6600000
Московский район,28.5,6100000
Приморский район,28.58,5800000
Пушкинский район,28.6,5550000
Пушкинский район,28.6,4999000
Пушкинский район,28.6,4700000
Пушкинский район,28.7,4600000
Московский район,28.8,6000000
Московский район,28.8,6540000
Приморский район,28.8,5000000
Приморский район,28.93,8048000
Приморский район,28.93,8048000
Пушкинский район,28.93,4300000
Московский район,29.0,5499000
Московский район,29.0,7000000
Московский район,29.0,7050000
Московский район,29.0,6750000
Московский район,29.0,7750000
Московский район,29.0,7500000
Московский район,29.0,6300000
Московский район,29.0,7800000
Приморский район,29.0,6600000
Приморский район,29.0,6600000
Приморский район,29.0,7000000
Московский район,29.05,5159000
Московский район,29.1,7000000
Пушкинский район,29.1,5250000
Московский район,29.2,9300000
Приморский район,29.3,5350000
Пушкинский район,29.33,4949000
Московский район,29.37,6600000
Московский район,29.4,6299000
Пушкинский район,29.5,8000000
Московский район,29.7,6250000
Московский район,29.72,8827000
Московский район,29.82,4900000
Пушкинский район,29.9,4050000
Пушкинский район,29.9,4800000
Московский район,30.0,5650000
Московский район,30.0,5499000
Московский район,30.0,6300000
Приморский район,30.0,6000000
Приморский район,30.0,7350000
Приморский район,30.0,7500000
Приморский район,30.0,7150000
Пушкинский район,30.0,5950000
Пушкинский район,30.0,5300000
Московский район,30.1,7100000
Приморский район,30.1,7150000
Приморский район,30.1,8100000
Пушкинский район,30.1,4490000
Московский район,30.2,5880000
Приморский район,30.2,6280000
Приморский район,30.2,6280000
Приморский район,30.3,7000000
Московский район,30.4,8690000
Московский район,30.4,7500000
Московский район,30.4,5000000
Приморский район,30.4,6450000
Московский район,30.5,5900000
Московский район,30.5,7200000
Московский район,30.5,6400000
Московский район,30.5,10800000
Приморский район,30.5,6700000
Пушкинский район,30.5,5490000
Пушкинский район,30.5,5500000
Московский район,30.54,6400000
Московский район,30.6,6900000
Московский район,30.6,6200000
Приморский район,30.6,6000000
Пушкинский район,30.6,4700000
Московский район,30.7,6150000
Московский район,30.7,5750000
Приморский район,30.7,7250000
Приморский район,30.7,5950000
Приморский район,30.7,7000000
Московский район,30.8,5400000
Московский район,30.8,6099000
Московский район,30.8,5900000
Московский район,30.8,4795000
Приморский район,30.8,6590000
Приморский район,30.8,6250000
Приморский район,30.8,7400000
Приморский район,30.8,6650000
Приморский район,30.8,7700000
Приморский район,30.8,5140000
Приморский район,30.8,7300000
Приморский район,30.8,7350000
Пушкинский район,30.8,4250000
Московский район,30.9,6049000
Приморский район,30.9,7490000
Приморский район,30.9,7200000
Пушкинский район,30.9,4999000
Московский район,31.0,8500000
Московский район,31.0,6200000
Московский район,31.0,6100000
Московский район,31.0,7100000
Московский район,31.0,5550000
Московский район,31.0,5500000
Приморский район,31.0,6970000
Приморский район,31.0,6400000
Приморский район,31.0,6600000
Приморский район,31.0,8700000
Приморский район,31.0,6250000
Приморский район,31.0,7000000
Пушкинский район,31.0,4100000
Пушкинский район,31.0,6700000
Пушкинский район,31.0,7200000
Пушкинский район,31.0,4680000
Пушкинский район,31.0,4000000
Московский район,31.1,6250000
Московский район,31.1,6250000
Московский район,31.1,5550000
Московский район,31.2,6300000
Московский район,31.2,6700000
Приморский район,31.2,6900000
Приморский район,31.2,5950000
Приморский район,31.2,6300000
Пушкинский район,31.2,3990000
Пушкинский район,31.2,3980000
Приморский район,31.3,6950000
Приморский район,31.3,6550000
Московский район,31.33,5914000
Московский район,31.4,8500000
Московский район,31.4,6300000
Московский район,31.4,5977000
Пушкинский район,31.4,6300000
Московский район,31.5,7000000
Приморский район,31.5,7500000
Приморский район,31.5,6950000
Пушкинский район,31.5,4440000
Приморский район,31.56,6450000
Московский район,31.6,6710000
Московский район,31.6,10200000
Приморский район,31.6,8500000
Приморский район,31.6,5500000
Приморский район,31.6,9900000
Пушкинский район,31.6,4700000
Пушкинский район,31.6,4700000
Пушкинский район,31.6,4700000
Пушкинский район,31.6,4700000
Пушкинский район,31.6,4499000
Пушкинский район,31.6,4700000
Пушкинский район,31.6,4700000
Пушкинский район,31.6,4700000
Пушкинский район,31.6,4700000
Пушкинский район,31.6,4700000
Пушкинский район,31.6,4700000
Пушкинский район,31.6,4700000
Пушкинский район,31.6,4700000
Пушкинский район,31.6,4700000
Пушкинский район,31.6,4700000
Пушкинский район,31.6,4700000
Пушкинский район,31.6,4700000
Пушкинский район,31.6,4700000
Московский район,31.7,7200000
Московский район,31.7,5999000
Московский район,31.7,7500000
Московский район,31.7,6000000
Московский район,31.7,6999000
Московский район,31.7,5600000
Пушкинский район,31.7,5100000
Пушкинский район,31.7,5100000
Пушкинский район,31.7,5100000
Пушкинский район,31.7,5100000
Пушкинский район,31.7,5100000
Пушкинский район,31.7,5100000
Пушкинский район,31.7,5100000
Пушкинский район,31.7,5100000
Пушкинский район,31.7,5100000
Пушкинский район,31.7,4300000
Пушкинский район,31.7,5100000
Пушкинский район,31.7,5100000
Пушкинский район,31.7,5100000
Пушкинский район,31.7,5100000
Пушкинский район,31.7,5100000
Пушкинский район,31.7,5100000
Пушкинский район,31.7,5100000
Пушкинский район,31.7,5100000
Приморский район,31.8,6190000
Пушкинский район,31.8,8200000
Московский район,31.9,5850000
Приморский район,31.91,7250000
Московский район,32.0,7300000
Московский район,32.0,6100000
Московский район,32.0,6280000
Московский район,32.0,6480000
Приморский район,32.0,7100000
Приморский район,32.0,6744000
Приморский район,32.0,7000000
Приморский район,32.0,6750000
Приморский район,32.0,7290000
Пушкинский район,32.0,4200000
Пушкинский район,32.0,5650000
Пушкинский район,32.0,4990000
Пушкинский район,32.0,6300000
Пушкинский район,32.0,6250000
Пушкинский район,32.0,4500000
Московский район,32.1,6050000
Московский район,32.1,7190000
Московский район,32.1,6720000
Приморский район,32.1,7000000
Пушкинский район,32.1,5600000
Пушкинский район,32.1,3790000
Приморский район,32.2,6950000
Приморский район,32.2,8100000
Приморский район,32.2,6700000
Приморский район,32.2,5200000
Приморский район,32.2,8500000
Приморский район,32.2,7000000
Приморский район,32.3,5700000
Приморский район,32.3,7050000
Приморский район,32.3,10830000
Приморский район,32.3,6800000
Приморский район,32.3,8507000
Приморский район,32.4,6480000
Московский район,32.6,6650000
Приморский район,32.6,7700000
Приморский район,32.6,6899000
Пушкинский район,32.7,5199000
Приморский район,32.79,6900000
Московский район,32.8,7750000
Приморский район,32.8,8000000
Пушкинский район,32.8,6200000
Московский район,32.9,5950000
Приморский район,32.9,5400000
Московский район,32.97,5990000
Приморский район,33.0,7500000
Приморский район,33.0,6650000
Приморский район,33.0,5800000
Приморский район,33.0,6890000
Приморский район,33.0,6100000
Приморский район,33.0,6800000
Приморский район,33.0,9700000
Пушкинский район,33.0,6500000
Московский район,33.2,12600000
Приморский район,33.2,8150000
Московский район,33.3,12400000
Приморский район,33.3,5690000
Приморский район,33.3,8900000
Приморский район,33.3,7000000
Приморский район,33.3,8900000
Московский район,33.4,9100000
Московский район,33.4,7590000
Московский район,33.4,8300000
Приморский район,33.4,9000000
Приморский район,33.4,6650000
Пушкинский район,33.4,6149000
Московский район,33.46,6475000
Московский район,33.48,7592000
Московский район,33.48,7823000
Московский район,33.48,7823000
Московский район,33.5,8049000
Московский район,33.6,7100000
Московский район,33.6,6700000
Московский район,33.7,6800000
Приморский район,33.7,8000000
Приморский район,33.7,7500000
Приморский район,33.7,7150000
Приморский район,33.76,6800000
Приморский район,33.8,7850000
Приморский район,33.8,9500000
Приморский район,33.8,7300000
Приморский район,33.8,7300000
Московский район,33.9,9150000
Приморский район,33.9,7900000
Приморский район,33.9,7700000
Приморский район,33.9,6300000
Пушкинский район,33.9,5600000
Пушкинский район,33.9,9500000
Московский район,34.0,9750000
Московский район,34.0,6900000
Приморский район,34.0,6700000
Приморский район,34.0,6250000
Приморский район,34.0,7350000
Приморский район,34.0,8166000
Московский район,34.08,7498000
Московский район,34.1,9100000
Приморский район,34.1,6500000
Московский район,34.2,5700000
Приморский район,34.2,8500000
Пушкинский район,34.2,8200000
Приморский район,34.3,7000000
Московский район,34.4,7350000
Московский район,34.4,6400000
Приморский район,34.4,9900000
Пушкинский район,34.4,5850000
Московский район,34.5,9000000
Московский район,34.5,6500000
Приморский район,34.5,7250000
Приморский район,34.5,7750000
Московский район,34.6,6890000
Московский район,34.6,8700000
Московский район,34.6,10800000
Приморский район,34.6,7400000
Приморский район,34.6,6000000
Приморский район,34.6,6700000
Приморский район,34.6,6200000
Приморский район,34.7,9500000
Приморский район,34.7,9300000
Приморский район,34.7,6400000
Приморский район,34.7,10700000
Приморский район,34.71,8000000
Московский район,34.72,8034000
Московский район,34.79,10000000
Московский район,34.8,7300000
Московский район,34.8,8500000
Приморский район,34.8,6500000
Приморский район,34.9,7900000
Приморский район,34.9,7200000
Приморский район,34.9,7200000
Приморский район,34.9,10830000
Приморский район,34.9,5600000
Приморский район,34.9,7050000
Пушкинский район,34.9,4600000
Московский район,35.0,8150000
Московский район,35.0,9500000
Московский район,35.0,6000000
Московский район,35.0,6099000
Приморский район,35.0,7400000
Приморский район,35.0,6000000
Приморский район,35.0,7050000
Приморский район,35.0,7350000
Приморский район,35.0,7100000
Пушкинский район,35.0,5850000
Пушкинский район,35.0,7000000
Пушкинский район,35.0,5990000
Пушкинский район,35.0,5950000
Пушкинский район,35.0,6150000
Приморский район,35.06,6900000
Московский район,35.1,9560000
Приморский район,35.1,9350000
Московский район,35.2,6290000
Московский район,35.2,8990000
Приморский район,35.2,8800000
Приморский район,35.2,7497000
Московский район,35.3,9605000
Московский район,35.31,6950000
Московский район,35.39,6849000
Московский район,35.4,7150000
Московский район,35.4,6000000
Приморский район,35.4,7750000
Приморский район,35.4,7500000
Приморский район,35.4,7000000
Московский район,35.49,9307000
Московский район,35.5,5900000
Московский район,35.5,8500000
Московский район,35.5,8500000
Пушкинский район,35.5,5880000
Московский район,35.6,8910000
Приморский район,35.66,8265000
Московский район,35.7,8700000
Московский район,35.7,11000000
Московский район,35.7,7600000
Московский район,35.7,6000000
Московский район,35.7,8500000
Пушкинский район,35.7,5600000
Пушкинский район,35.7,6000000
Московский район,35.8,6750000
Пушкинский район,35.8,6650000
Пушкинский район,35.8,5499000
Приморский район,35.9,7300000
Пушкинский район,35.9,6350000
Московский район,36.0,6300000
Московский район,36.0,7299000
Московский район,36.0,9500000
Московский район,36.0,6940000
Московский район,36.0,10565000
Московский район,36.0,8650000
Приморский район,36.0,7000000
Приморский район,36.0,6200000
Приморский район,36.0,9900000
Приморский район,36.0,4800000
Приморский район,36.0,12730000
Приморский район,36.0,6200000
Пушкинский район,36.0,5400000
Пушкинский район,36.0,6400000
Пушкинский район,36.0,5796000
Пушкинский район,36.1,6300000
Московский район,36.2,6900000
Приморский район,36.2,6599000
Приморский район,36.2,7050000
Пушкинский район,36.2,6000000
Московский район,36.3,6700000
Московский район,36.3,7620000
Пушкинский район,36.3,6200000
Московский район,36.35,8000000
Московский район,36.4,6800000
Московский район,36.4,10500000
Приморский район,36.4,7300000
Приморский район,36.4,7240000
Московский район,36.5,8500000
Московский район,36.5,7300000
Приморский район,36.5,10060000
Московский район,36.56,7600000
Московский район,36.6,9700000
Московский район,36.6,7600000
Московский район,36.6,7999000
Пушкинский район,36.6,6700000
Приморский район,36.61,12000000
Приморский район,36.63,12440000
Московский район,36.7,7620000
Московский район,36.7,7800000
Приморский район,36.7,6450000
Приморский район,36.7,6999000
Приморский район,36.76,7500000
Московский район,36.77,7661000
Приморский район,36.77,9500000
Приморский район,36.77,9500000
Московский район,36.8,6800000
Приморский район,36.8,6500000
Приморский район,36.87,7405000
Московский район,36.98,9288000
Московский район,37.0,7299000
Московский район,37.0,8500000
Московский район,37.0,8650000
Московский район,37.0,8190000
Московский район,37.0,7050000
Московский район,37.0,8500000
Приморский район,37.0,6600000
Приморский район,37.0,8300000
Приморский район,37.0,7050000
Приморский район,37.0,14000000
Приморский район,37.0,12700000
Приморский район,37.0,7550000
Приморский район,37.0,13800000
Пушкинский район,37.0,8700000
Пушкинский район,37.0,6600000
Пушкинский район,37.03,5410000
Московский район,37.06,7772000
Приморский район,37.07,13172000
Московский район,37.3,11490000
Московский район,37.3,11400000
Приморский район,37.3,10100000
Московский район,37.33,8220000
Приморский район,37.4,7250000
Приморский район,37.4,7090000
Пушкинский район,37.4,6500000
Приморский район,37.41,9500000
Московский район,37.5,7800000
Приморский район,37.5,7300000
Приморский район,37.5,9200000
Пушкинский район,37.5,6200000
Пушкинский район,37.5,7100000
Московский район,37.59,7903000
Московский район,37.6,8900000
Пушкинский район,37.6,5600000
Московский район,37.64,9116000
Московский район,37.64,9108000
Московский район,37.64,9108000
Московский район,37.7,7400000
Московский район,37.7,7500000
Приморский район,37.7,7000000
Пушкинский район,37.72,5894000
Приморский район,37.8,7600000
Московский район,37.81,7894000
Приморский район,37.9,12700000
Пушкинский район,37.9,5904000
Приморский район,37.93,8852000
Московский район,38.0,10500000
Московский район,38.0,8540000
Приморский район,38.0,13600000
Приморский район,38.0,10000000
Пушкинский район,38.0,6200000
Приморский район,38.1,7500000
Приморский район,38.1,8200000
Приморский район,38.1,7000000
Московский район,38.13,9850000
Пушкинский район,38.14,5958000
Московский район,38.2,7800000
Московский район,38.2,10500000
Приморский район,38.2,6750000
Приморский район,38.2,13800000
Пушкинский район,38.2,6400000
Пушкинский район,38.23,5968000
Пушкинский район,38.23,5980000
Московский район,38.3,9400000
Московский район,38.3,8010000
Московский район,38.3,7980000
Приморский район,38.3,8450000
Приморский район,38.3,10500000
Приморский район,38.3,9500000
Пушкинский район,38.3,6399000
Пушкинский район,38.3,6700000
Московский район,38.4,8649000
Московский район,38.42,7625000
Московский район,38.46,8507000
Московский район,38.5,8500000
Московский район,38.5,8300000
Приморский район,38.5,9200000
Приморский район,38.5,7500000
Приморский район,38.5,7350000
Приморский район,38.5,6000000
Приморский район,38.5,7800000
Приморский район,38.5,7800000
Приморский район,38.5,8200000
Пушкинский район,38.5,5958000
Московский район,38.6,7300000
Пушкинский район,38.6,5971000
Приморский район,38.79,7500000
Московский район,38.8,8100000
Московский район,38.8,12100000
Приморский район,38.8,6990000
Приморский район,38.8,6500000
Приморский район,38.8,7100000
Приморский район,38.8,7680000
Пушкинский район,38.8,5994000
Приморский район,38.9,6500000
Приморский район,38.9,7990000
Приморский район,38.93,13699000
Приморский район,38.97,10200000
Московский район,39.0,9700000
Московский район,39.0,14250000
Приморский район,39.0,8500000
Приморский район,39.0,8300000
Приморский район,39.0,6750000
Московский район,39.06,7902000
Приморский район,39.07,12119000
Московский район,39.1,8600000
Приморский район,39.1,7600000
Приморский район,39.1,8500000
Приморский район,39.2,9350000
Приморский район,39.2,7900000
Московский район,39.3,8780000
Приморский район,39.3,8000000
Пушкинский район,39.3,7700000
Приморский район,39.39,10345000
Московский район,39.4,7724000
Приморский район,39.4,6999000
Приморский район,39.4,7000000
Пушкинский район,39.4,5990000
Приморский район,39.5,6200000
Приморский район,39.5,6250000
Приморский район,39.5,7800000
Приморский район,39.6,6995000
Приморский район,39.6,6300000
Приморский район,39.6,7600000
Московский район,39.7,9100000
Московский район,39.7,8850000
Приморский район,39.7,10230000
Московский район,39.71,8169000
Московский район,39.8,8420000
Московский район,39.82,10200000
Московский район,39.88,7800000
Московский район,39.9,6990000
Московский район,39.9,8600000
Приморский район,39.9,8550000
Приморский район,39.9,10200000
Приморский район,40.0,7300000
Приморский район,40.0,8300000
Приморский район,40.0,8200000
Приморский район,40.0,10180000
Пушкинский район,40.0,5300000
Пушкинский район,40.0,6200000
Приморский район,40.05,11418000
Пушкинский район,40.1,6320000
Приморский район,40.3,12500000
Пушкинский район,40.3,5990000
Пушкинский район,40.3,6399000
Приморский район,40.37,11990000
Московский район,40.4,10950000
Московский район,40.4,8080000
Московский район,40.4,15300000
Московский район,40.4,10450000
Московский район,40.4,8280000
Приморский район,40.4,7500000
Приморский район,40.4,10000000
Пушкинский район,40.4,6400000
Пушкинский район,40.4,5200000
Московский район,40.5,9500000
Приморский район,40.5,9500000
Пушкинский район,40.5,7500000
Пушкинский район,40.5,3950000
Приморский район,40.6,11710000
Пушкинский район,40.6,6320000
Пушкинский район,40.6,8600000
Пушкинский район,40.6,6329000
Приморский район,40.65,9650000
Московский район,40.7,11000000
Московский район,40.7,8200000
Московский район,40.7,10500000
Московский район,40.7,8360000
Приморский район,40.7,15100000
Пушкинский район,40.7,5600000
Пушкинский район,40.7,6327000
Пушкинский район,40.7,6327000
Пушкинский район,40.7,6328000
Пушкинский район,40.71,5720000
Московский район,40.8,10150000
Приморский район,40.8,6950000
Пушкинский район,40.8,5540000
Пушкинский район,40.8,5855000
Пушкинский район,40.8,5850000
Московский район,40.9,10300000
Московский район,40.9,10800000
Пушкинский район,40.9,9600000
Пушкинский район,40.9,5855000
Пушкинский район,40.9,5855000
Пушкинский район,40.9,5850000
Московский район,41.0,13500000
Московский район,41.0,14990000
Московский район,41.0,9500000
Приморский район,41.0,7949000
Приморский район,41.0,9800000
Пушкинский район,41.0,5190000
Пушкинский район,41.0,6350000
Пушкинский район,41.0,5950000
Пушкинский район,41.0,5855000
Пушкинский район,41.0,6400000
Пушкинский район,41.0,6100000
Пушкинский район,41.1,6339000
Пушкинский район,41.1,7299000
Московский район,41.2,8120000
Московский район,41.2,8320000
Приморский район,41.2,13850000
Приморский район,41.2,13000000
Приморский район,41.2,9600000
Пушкинский район,41.2,6550000
Московский район,41.3,17200000
Московский район,41.3,11630000
Московский район,41.3,13200000
Пушкинский район,41.3,5750000
Пушкинский район,41.3,6360000
Пушкинский район,41.3,5910000
Пушкинский район,41.3,6200000
Московский район,41.4,11499000
Московский район,41.4,21000000
Московский район,41.4,12987000
Приморский район,41.4,11300000
Пушкинский район,41.45,6300000
Московский район,41.5,16300000
Московский район,41.5,8000000
Приморский район,41.5,12500000
Приморский район,41.6,8200000
Пушкинский район,41.6,7800000
Московский район,41.7,6999000
Московский район,41.7,7990000
Пушкинский район,41.7,5982000
Пушкинский район,41.8,10400000
Пушкинский район,41.85,6220000
Пушкинский район,41.85,6218000
Московский район,41.9,7099000
Приморский район,41.9,7150000
Пушкинский район,41.9,6200000
Московский район,42.0,10500000
Московский район,42.0,10550000
Московский район,42.0,14000000
Московский район,42.0,6700000
Московский район,42.0,14500000
Приморский район,42.0,9950000
Пушкинский район,42.0,6400000
Пушкинский район,42.0,6220000
Пушкинский район,42.0,7850000
Пушкинский район,42.0,6218000
Пушкинский район,42.0,6100000
Пушкинский район,42.0,7800000
Пушкинский район,42.0,6200000
Пушкинский район,42.1,6040000
Пушкинский район,42.1,6380000
Московский район,42.14,9456000
Приморский район,42.2,8000000
Приморский район,42.2,8600000
Приморский район,42.2,8600000
Приморский район,42.2,8499000
Приморский район,42.2,9450000
Пушкинский район,42.2,6500000
Пушкинский район,42.2,6380000
Пушкинский район,42.2,9000000
Приморский район,42.3,8300000
Пушкинский район,42.3,5480000
Московский район,42.4,6500000
Пушкинский район,42.4,8000000
Московский район,42.5,8599000
Московский район,42.5,9099000
Пушкинский район,42.5,6040000
Пушкинский район,42.5,7100000
Московский район,42.6,7370000
Московский район,42.6,12500000
Московский район,42.6,7200000
Московский район,42.6,8999000
Приморский район,42.6,14700000
Пушкинский район,42.6,6330000
Пушкинский район,42.6,6330000
Пушкинский район,42.6,6330000
Пушкинский район,42.6,6630000
Московский район,42.7,10500000
Пушкинский район,42.7,8400000
Приморский район,42.71,13172000
Пушкинский район,42.73,6493000
Московский район,42.8,6500000
Приморский район,42.8,11592000
Пушкинский район,42.8,9299000
Пушкинский район,42.9,6510000
Пушкинский район,42.9,7000000
Московский район,43.0,7700000
Московский район,43.0,8400000
Московский район,43.0,10000000
Приморский район,43.0,8700000
Приморский район,43.0,10200000
Пушкинский район,43.0,8289000
Пушкинский район,43.0,6449000
Пушкинский район,43.0,6500000
Московский район,43.1,7700000
Московский район,43.1,11600000
Московский район,43.1,8620000
Приморский район,43.1,13500000
Московский район,43.2,13800000
Приморский район,43.2,11000000
Московский район,43.3,12200000
Московский район,43.3,13800000
Пушкинский район,43.3,6600000
Московский район,43.4,15000000
Пушкинский район,43.4,6800000
Московский район,43.5,12500000
Московский район,43.5,8700000
Приморский район,43.5,7700000
Пушкинский район,43.5,6700000
Пушкинский район,43.5,10200000
Приморский район,43.6,13800000
Приморский район,43.6,6600000
Пушкинский район,43.6,8800000
Пушкинский район,43.6,6500000
Пушкинский район,43.6,5500000
Пушкинский район,43.6,6500000
Московский район,43.8,6999000
Приморский район,43.8,8500000
Пушкинский район,43.9,6500000
Пушкинский район,43.9,6475000
Московский район,44.0,10500000
Московский район,44.0,11700000
Московский район,44.0,12700000
Пушкинский район,44.0,8000000
Московский район,44.1,7500000
Приморский район,44.1,7700000
Пушкинский район,44.1,6328000
Московский район,44.2,13700000
Московский район,44.21,9880000
Московский район,44.3,8078000
Приморский район,44.3,7400000
Приморский район,44.3,7900000
Пушкинский район,44.3,9000000
Пушкинский район,44.3,7700000
Московский район,44.31,13800000
Московский район,44.4,8800000
Приморский район,44.4,13790000
Приморский район,44.4,13500000
Приморский район,44.4,13370000
Московский район,44.5,7400000
Московский район,44.5,12500000
Московский район,44.5,7000000
Приморский район,44.5,7490000
Московский район,44.6,7300000
Московский район,44.6,7100000
Московский район,44.6,9000000
Пушкинский район,44.6,6300000
Пушкинский район,44.6,7500000
Московский район,44.66,6650000
Московский район,44.8,6200000
Московский район,44.8,9300000
Приморский район,44.8,13400000
Приморский район,44.86,11150000
Приморский район,44.86,11050000
Приморский район,44.86,16439000
Московский район,44.9,9950000
Московский район,45.0,7250000
Московский район,45.0,6699000
Московский район,45.0,11800000
Московский район,45.0,10000000
Московский район,45.0,7200000
Московский район,45.0,9779000
Московский район,45.0,9779000
Московский район,45.0,8792000
Приморский район,45.0,6990000
Пушкинский район,45.0,7000000
Пушкинский район,45.0,7199000
Пушкинский район,45.0,6990000
Пушкинский район,45.0,7100000
Пушкинский район,45.0,6600000
Приморский район,45.1,7700000
Приморский район,45.1,7700000
Пушкинский район,45.1,7150000
Приморский район,45.2,14900000
Московский район,45.3,12150000
Московский район,45.3,6999000
Приморский район,45.3,7700000
Московский район,45.4,10300000
Приморский район,45.4,9000000
Приморский район,45.4,14999000
Пушкинский район,45.4,7200000
Московский район,45.5,11500000
Московский район,45.5,9110000
Московский район,45.5,9100000
Приморский район,45.5,13700000
Пушкинский район,45.5,8300000
Пушкинский район,45.5,6200000
Приморский район,45.6,7600000
Приморский район,45.7,7850000
Приморский район,45.8,9200000
Приморский район,45.9,7300000
Приморский район,45.9,9000000
Приморский район,45.9,8700000
Московский район,46.0,8900000
Московский район,46.0,8300000
Московский район,46.0,8450000
Приморский район,46.0,8500000
Приморский район,46.0,8400000
Приморский район,46.0,7700000
Приморский район,46.0,8300000
Приморский район,46.0,11000000
Приморский район,46.0,6490000
Приморский район,46.0,14890000
Пушкинский район,46.0,7000000
Пушкинский район,46.0,5900000
Пушкинский район,46.0,8000000
Московский район,46.1,6650000
Приморский район,46.1,7600000
Пушкинский район,46.1,6500000
Пушкинский район,46.1,6600000
Московский район,46.3,8100000
Московский район,46.3,11890000
Приморский район,46.3,13500000
Московский район,46.4,10000000
Московский район,46.4,10300000
Пушкинский район,46.4,7580000
Пушкинский район,46.4,7390000
Пушкинский район,46.4,7690000
Московский район,46.5,8650000
Московский район,46.5,9500000
Московский район,46.5,8600000
Пушкинский район,46.5,8000000
Приморский район,46.7,11500000
Пушкинский район,46.7,5700000
Московский район,46.8,6500000
Приморский район,46.8,12399000
Московский район,46.9,6700000
Московский район,47.0,11300000
Московский район,47.0,11750000
Московский район,47.0,11800000
Московский район,47.0,11500000
Приморский район,47.0,12500000
Пушкинский район,47.0,9900000
Пушкинский район,47.0,5000000
Пушкинский район,47.0,9200000
Пушкинский район,47.1,6100000
Московский район,47.2,7799000
Московский район,47.2,8420000
Пушкинский район,47.2,7600000
Приморский район,47.36,14065000
Московский район,47.5,14900000
Московский район,47.6,7350000
Приморский район,47.63,11180000
Приморский район,47.68,12316000
Приморский район,47.68,11276000
Московский район,47.7,8690000
Приморский район,47.71,8700000
Московский район,47.8,7200000
Приморский район,47.8,7790000
Приморский район,47.91,12550000
Московский район,48.0,11700000
Приморский район,48.0,12000000
Приморский район,48.0,9800000
Московский район,48.1,12000000
Московский район,48.1,9980000
Приморский район,48.1,12100000
Приморский район,48.22,12628000
Московский район,48.3,11300000
Московский район,48.37,8400000
Московский район,48.37,8800000
Приморский район,48.39,8750000
Приморский район,48.4,13500000
Пушкинский район,48.4,8400000
Московский район,48.6,15600000
Пушкинский район,48.6,9600000
Московский район,48.7,9400000
Приморский район,48.7,11800000
Приморский район,48.7,10800000
Приморский район,48.7,11550000
Московский район,48.8,7650000
Приморский район,48.8,9700000
Московский район,49.0,6500000
Московский район,49.0,7499000
Московский район,49.0,7500000
Московский район,49.0,9200000
Приморский район,49.0,9300000
Приморский район,49.0,11500000
Московский район,49.1,10950000
Московский район,49.1,7500000
Московский район,49.1,17500000
Пушкинский район,49.2,7400000
Пушкинский район,49.2,7600000
Московский район,49.3,8990000
Московский район,49.5,15000000
Московский район,49.5,7290000
Пушкинский район,49.5,8100000
Приморский район,49.61,12400000
Приморский район,49.61,12400000
Московский район,49.7,9770000
Пушкинский район,49.7,8950000
Пушкинский район,49.71,7556000
Московский район,49.8,14990000
Московский район,49.8,15250000
Московский район,49.8,9770000
Приморский район,49.8,17130000
Приморский район,49.82,11718000
Московский район,49.9,15800000
Московский район,50.0,11900000
Московский район,50.0,14500000
Московский район,50.0,10800000
Московский район,50.0,9770000
Приморский район,50.0,12900000
Приморский район,50.0,10200000
Приморский район,50.0,10000000
Пушкинский район,50.0,9200000
Пушкинский район,50.0,7600000
Пушкинский район,50.3,15800000
Приморский район,50.4,9700000
Пушкинский район,50.4,5800000
Пушкинский район,50.4,6950000
Пушкинский район,50.4,6200000
Московский район,50.5,9450000
Московский район,50.6,10600000
Московский район,50.6,10600000
Московский район,50.7,16000000
Московский район,50.7,12750000
Московский район,50.8,16500000
Московский район,50.81,10629000
Московский район,51.0,8700000
Приморский район,51.0,14000000
Пушкинский район,51.0,6599000
Московский район,51.1,7180000
Московский район,51.14,10188000
Приморский район,51.3,8690000
Московский район,51.4,9460000
Приморский район,51.4,16560000
Пушкинский район,51.4,10000000
Московский район,51.42,9496000
Московский район,51.42,9461000
Московский район,51.42,10156000
Московский район,51.42,9496000
Приморский район,51.5,12500000
Приморский район,51.6,11900000
Московский район,51.66,10262000
Приморский район,51.68,9100000
Приморский район,51.7,11200000
Приморский район,51.7,12000000
Приморский район,51.8,9800000
Приморский район,51.84,10150000
Московский район,52.0,12999000
Московский район,52.0,9460000
Приморский район,52.0,10500000
Приморский район,52.0,24850000
Приморский район,52.0,11250000
Пушкинский район,52.0,6800000
Приморский район,52.2,14900000
Пушкинский район,52.2,8190000
Приморский район,52.3,10200000
Приморский район,52.5,10500000
Пушкинский район,52.5,7990000
Московский район,52.6,7700000
Приморский район,52.6,10890000
Приморский район,52.6,9550000
Приморский район,52.64,14542000
Приморский район,52.7,12099000
Приморский район,52.74,10550000
Московский район,52.8,18130000
Приморский район,52.8,16000000
Пушкинский район,52.8,7199000
Пушкинский район,52.8,8800000
Приморский район,52.9,10300000
Приморский район,52.9,10260000
Московский район,53.0,15400000
Приморский район,53.0,11500000
Пушкинский район,53.0,8800000
Пушкинский район,53.0,7350000
Пушкинский район,53.0,7200000
Приморский район,53.1,10599000
Пушкинский район,53.2,6800000
Московский район,53.3,18000000
Московский район,53.4,8750000
Московский район,53.5,9000000
Московский район,53.6,14750000
Приморский район,53.6,12390000
Пушкинский район,53.6,7000000
Приморский район,53.64,16923000
Приморский район,53.64,16123000
Московский район,53.7,8000000
Приморский район,53.9,11500000
Московский район,54.0,14000000
Московский район,54.0,14000000
Московский район,54.0,14000000
Московский район,54.0,14000000
Московский район,54.0,14000000
Московский район,54.0,14000000
Московский район,54.0,14000000
Московский район,54.0,14990000
Московский район,54.0,12500000
Московский район,54.0,14000000
Московский район,54.0,14000000
Московский район,54.0,14000000
Московский район,54.0,14000000
Московский район,54.0,14000000
Московский район,54.0,14000000
Московский район,54.0,14000000
Московский район,54.0,14000000
Московский район,54.0,14000000
Московский район,54.0,14000000
Московский район,54.0,13500000
Московский район,54.0,14000000
Московский район,54.0,14000000
Московский район,54.0,18500000
Московский район,54.0,14000000
Московский район,54.0,14000000
Московский район,54.0,14000000
Московский район,54.0,14000000
Московский район,54.0,14000000
Московский район,54.0,14000000
Московский район,54.0,14000000
Приморский район,54.0,13900000
Пушкинский район,54.0,8200000
Пушкинский район,54.0,7199000
Московский район,54.1,28000000
Московский район,54.1,6900000
Приморский район,54.3,12300000
Московский район,54.5,17950000
Пушкинский район,54.5,7000000
Московский район,54.51,10547000
Московский район,54.51,10379000
Московский район,54.6,8900000
Приморский район,54.6,11300000
Приморский район,54.7,11900000
Приморский район,54.8,11495000
Приморский район,54.8,12700000
Московский район,54.9,10180000
Московский район,54.9,10325000
Пушкинский район,54.9,10000000
Московский район,55.0,12490000
Московский район,55.0,10180000
Московский район,55.0,10180000
Приморский район,55.0,13400000
Приморский район,55.0,11800000
Приморский район,55.0,11590000
Приморский район,55.0,12950000
Пушкинский район,55.0,7200000
Пушкинский район,55.0,6500000
Приморский район,55.08,11700000
Пушкинский район,55.1,7235000
Пушкинский район,55.1,7610000
Приморский район,55.13,23468000
Пушкинский район,55.2,9750000
Пушкинский район,55.2,8400000
Московский район,55.3,14500000
Приморский район,55.3,12500000
Приморский район,55.4,12300000
Приморский район,55.5,15497000
Приморский район,55.5,11880000
Приморский район,55.5,11600000
Приморский район,55.5,9900000
Пушкинский район,55.5,6500000
Пушкинский район,55.5,7500000
Пушкинский район,55.5,8100000
Московский район,55.6,12800000
Московский район,55.6,9850000
Приморский район,55.6,10500000
Московский район,55.66,10502000
Московский район,55.66,10413000
Московский район,55.7,10200000
Московский район,55.8,13300000
Московский район,55.8,9300000
Приморский район,55.8,14700000
Московский район,55.9,14850000
Приморский район,55.9,10500000
Московский район,56.0,12500000
Московский район,56.0,10900000
Московский район,56.0,23000000
Московский район,56.0,14000000
Приморский район,56.0,9200000
Приморский район,56.0,12700000
Приморский район,56.0,12700000
Приморский район,56.0,16230000
Приморский район,56.0,12440000
Пушкинский район,56.0,10000000
Пушкинский район,56.0,7500000
Московский район,56.02,10509000
Приморский район,56.1,25600000
Приморский район,56.1,14000000
Пушкинский район,56.1,7950000
Московский район,56.2,8200000
Московский район,56.2,10990000
Московский район,56.3,16000000
Приморский район,56.3,13890000
Пушкинский район,56.3,6400000
Приморский район,56.33,12999000
Московский район,56.4,17800000
Пушкинский район,56.5,9000000
Московский район,56.6,13500000
Приморский район,56.6,10000000
Пушкинский район,56.7,8990000
Пушкинский район,56.7,7999000
Приморский район,56.71,10700000
Приморский район,56.8,13500000
Пушкинский район,56.8,8000000
Пушкинский район,56.8,9400000
Московский район,56.9,10600000
Московский район,56.9,10990000
Пушкинский район,56.9,7700000
Московский район,57.0,8799000
Московский район,57.0,14500000
Приморский район,57.0,10800000
Пушкинский район,57.0,7200000
Пушкинский район,57.0,7799000
Московский район,57.1,12990000
Пушкинский район,57.1,8000000
Московский район,57.2,11340000
Московский район,57.2,19970000
Приморский район,57.3,15987000
Приморский район,57.3,11650000
Приморский район,57.4,11300000
Пушкинский район,57.4,8300000
Пушкинский район,57.4,10000000
Приморский район,57.5,10500000
Приморский район,57.5,9500000
Приморский район,57.5,11399000
Московский район,57.52,10359000
Московский район,57.6,10610000
Приморский район,57.6,10500000
Приморский район,57.6,12000000
Приморский район,57.6,13650000
Пушкинский район,57.6,9600000
Московский район,57.7,11600000
Приморский район,57.8,11500000
Московский район,58.0,14450000
Московский район,58.0,10560000
Московский район,58.0,9950000
Московский район,58.0,10520000
Приморский район,58.0,13000000
Приморский район,58.0,10200000
Приморский район,58.2,26500000
Московский район,58.39,13100000
Пушкинский район,58.4,9300000
Московский район,58.44,11153000
Московский район,58.44,11093000
Московский район,58.48,10920000
Московский район,58.48,11181000
Приморский район,58.5,13610000
Приморский район,58.5,14480000
Московский район,58.57,10453000
Московский район,58.7,10210000
Пушкинский район,58.7,8800000
Пушкинский район,58.76,10000000
Московский район,58.84,10261000
Московский район,58.84,10261000
Приморский район,58.89,13950000
Приморский район,58.9,13400000
Московский район,59.0,12900000
Московский район,59.0,17200000
Пушкинский район,59.0,9350000
Пушкинский район,59.07,11000000
Московский район,59.1,13299000
Московский район,59.1,17200000
Московский район,59.1,18990000
Московский район,59.1,10910000
Приморский район,59.25,18610000
Московский район,59.3,12999000
Московский район,59.3,11799000
Московский район,59.43,10562000
Приморский район,59.5,11600000
Московский район,59.6,18275000
Приморский район,59.6,8980000
Пушкинский район,59.6,7649000
Московский район,59.7,14300000
Московский район,59.71,18400000
Московский район,59.71,10376000
Московский район,59.71,10376000
Приморский район,59.9,9850000
Приморский район,59.92,19950000
Московский район,60.0,13500000
Приморский район,60.0,9200000
Приморский район,60.0,14900000
Приморский район,60.0,11650000
Пушкинский район,60.0,8850000
Пушкинский район,60.2,8050000
Пушкинский район,60.2,7800000
Московский район,60.3,13880000
Московский район,60.3,15000000
Московский район,60.4,13650000
Приморский район,60.5,19900000
Приморский район,60.6,16400000
Пушкинский район,60.6,8790000
Пушкинский район,60.7,8800000
Пушкинский район,60.7,8500000
Московский район,60.9,10950000
Московский район,61.0,14100000
Приморский район,61.0,17499000
Приморский район,61.0,11650000
Пушкинский район,61.1,9960000
Пушкинский район,61.1,8100000
Пушкинский район,61.2,8000000
Московский район,61.3,15000000
Приморский район,61.3,8900000
Приморский район,61.4,13700000
Пушкинский район,61.4,8900000
Приморский район,61.8,13200000
Приморский район,61.8,14681000
Приморский район,61.8,14700000
Пушкинский район,61.8,9000000
Приморский район,61.82,15746000
Пушкинский район,61.9,9817000
Пушкинский район,61.9,7500000
Пушкинский район,61.9,9817000
Московский район,62.0,20000000
Приморский район,62.0,15300000
Приморский район,62.0,13200000
Приморский район,62.0,13999000
Пушкинский район,62.0,10900000
Московский район,62.2,11940000
Московский район,62.2,10900000
Московский район,62.24,10562000
Московский район,62.25,11054000
Московский район,62.3,10610000
Приморский район,62.3,10800000
Пушкинский район,62.3,8790000
Приморский район,62.4,18000000
Приморский район,62.4,18000000
Пушкинский район,62.48,9200000
Московский район,62.5,11025000
Московский район,62.6,10960000
Пушкинский район,62.64,9242000
Приморский район,62.7,12800000
Пушкинский район,62.7,7300000
Московский район,62.8,17217000
Московский район,63.0,11200000
Приморский район,63.0,10300000
Приморский район,63.1,15800000
Пушкинский район,63.1,9243000
Московский район,63.15,12637000
Московский район,63.15,12244000
Московский район,63.2,18500000
Приморский район,63.2,11800000
Пушкинский район,63.3,8200000
Пушкинский район,63.4,8940000
Приморский район,63.42,13859000
Приморский район,63.5,15500000
Приморский район,63.5,14050000
Пушкинский район,63.5,10500000
Московский район,63.6,13500000
Московский район,63.6,16700000
Приморский район,63.66,11900000
Пушкинский район,63.7,14970000
Приморский район,63.8,14500000
Московский район,63.88,11911000
Приморский район,63.9,12300000
Пушкинский район,63.9,9810000
Московский район,64.0,14850000
Приморский район,64.0,17000000
Приморский район,64.0,14540000
Пушкинский район,64.0,8400000
Пушкинский район,64.0,16250000
Московский район,64.1,12599000
Приморский район,64.1,12250000
Приморский район,64.1,17850000
Приморский район,64.15,14850000
Московский район,64.2,12000000
Пушкинский район,64.2,8100000
Пушкинский район,64.3,12850000
Московский район,64.4,11230000
Приморский район,64.4,14800000
Московский район,64.5,25000000
Московский район,64.5,10965000
Приморский район,64.5,14750000
Приморский район,64.5,13800000
Пушкинский район,64.5,8249000
Приморский район,64.6,14100000
Приморский район,64.6,17356000
Московский район,64.7,13600000
Московский район,65.0,11200000
Пушкинский район,65.0,9714000
Пушкинский район,65.0,7400000
Московский район,65.2,10500000
Пушкинский район,65.2,9304000
Московский район,65.3,14990000
Московский район,65.3,12540000
Московский район,65.3,12700000
Пушкинский район,65.3,9220000
Московский район,65.5,15500000
Московский район,65.6,11600000
Московский район,65.7,8990000
Московский район,65.8,11110000
Пушкинский район,65.8,13500000
Приморский район,65.9,10550000
Приморский район,65.9,16520000
Московский район,66.0,15900000
Приморский район,66.0,12999000
Пушкинский район,66.0,9500000
Пушкинский район,66.0,12900000
Пушкинский район,66.0,15850000
Пушкинский район,66.0,12900000
Приморский район,66.03,18239000
Пушкинский район,66.1,9700000
Московский район,66.21,24990000
Московский район,66.3,17400000
Московский район,66.4,11500000
Приморский район,66.45,14734000
Приморский район,66.46,14486000
Московский район,67.0,20000000
Приморский район,67.0,16800000
Пушкинский район,67.0,12700000
Пушкинский район,67.0,15900000
Приморский район,67.1,21500000
Московский район,67.3,10599000
Приморский район,67.3,15097000
Пушкинский район,67.3,6500000
Пушкинский район,67.5,8099000
Московский район,67.6,17900000
Приморский район,67.6,20077000
Приморский район,67.6,12300000
Пушкинский район,67.7,12900000
Приморский район,67.9,17000000
Приморский район,67.9,10990000
Московский район,68.0,25000000
Московский район,68.0,17000000
Приморский район,68.0,9500000
Пушкинский район,68.0,8100000
Пушкинский район,68.0,9500000
Приморский район,68.12,17800000
Приморский район,68.2,17350000
Приморский район,68.2,13250000
Пушкинский район,68.2,8500000
Московский район,68.27,15150000
Московский район,68.3,13600000
Московский район,68.3,11170000
Приморский район,68.37,17353000
Московский район,68.4,21500000
Пушкинский район,68.4,8000000
Приморский район,68.5,12200000
Приморский район,68.5,13700000
Приморский район,68.67,18930000
Московский район,68.7,16300000
Московский район,68.85,10757000
Приморский район,68.86,18804000
Московский район,68.9,11180000
Московский район,69.0,15800000
Московский район,69.0,10600000
Московский район,69.0,11090000
Московский район,69.1,13300000
Приморский район,69.4,10500000
Пушкинский район,69.5,10602000
Пушкинский район,69.89,10850000
Московский район,70.0,20900000
Приморский район,70.0,12500000
Пушкинский район,70.0,14990000
Пушкинский район,70.0,10130000
Пушкинский район,70.0,10600000
Пушкинский район,70.2,10130000
Пушкинский район,70.2,8850000
Пушкинский район,70.3,10356000
Пушкинский район,70.3,10130000
Пушкинский район,70.3,10350000
Московский район,70.4,18210000
Московский район,70.41,11929000
Московский район,70.5,12380000
Московский район,70.5,12150000
Приморский район,70.6,10500000
Пушкинский район,70.6,8500000
Приморский район,70.68,18940000
Пушкинский район,70.9,9384000
Московский район,71.0,16990000
Московский район,71.0,12950000
Пушкинский район,71.0,10493000
Пушкинский район,71.0,10356000
Пушкинский район,71.0,9850000
Пушкинский район,71.0,10508000
Пушкинский район,71.0,12000000
Приморский район,71.02,19285000
Пушкинский район,71.1,10508000
Пушкинский район,71.1,10508000
Московский район,71.2,11910000
Приморский район,71.3,13500000
Приморский район,71.3,21990000
Пушкинский район,71.3,9300000
Пушкинский район,71.3,9500000
Приморский район,71.5,15499000
Пушкинский район,71.5,7290000
Пушкинский район,71.5,11988000
Пушкинский район,71.5,9888000
Московский район,71.8,18000000
Приморский район,71.9,12500000
Приморский район,71.9,13000000
Московский район,72.0,12450000
Приморский район,72.0,11500000
Пушкинский район,72.0,14900000
Пушкинский район,72.2,9500000
Пушкинский район,72.3,9890000
Московский район,72.4,14500000
Приморский район,72.4,14400000
Приморский район,72.97,15069000
Московский район,73.0,13900000
Московский район,73.0,14000000
Приморский район,73.0,16000000
Приморский район,73.0,14700000
Московский район,73.3,8200000
Московский район,73.3,8150000
Московский район,73.5,24000000
Приморский район,73.5,11200000
Пушкинский район,73.6,11800000
Московский район,73.8,15000000
Приморский район,74.0,18540000
Приморский район,74.0,12980000
Приморский район,74.0,11500000
Пушкинский район,74.0,14500000
Пушкинский район,74.0,10300000
Приморский район,74.2,11900000
Пушкинский район,74.2,9200000
Приморский район,74.29,19957000
Пушкинский район,74.3,9040000
Московский район,74.4,16990000
Приморский район,74.4,16970000
Пушкинский район,74.4,10490000
Приморский район,74.45,20780000
Московский район,74.5,22880000
Приморский район,74.5,14900000
Приморский район,74.84,16534000
Московский район,75.3,24700000
Приморский район,75.3,16530000
Приморский район,75.6,15300000
Приморский район,75.6,13800000
Московский район,76.0,15900000
Приморский район,76.0,18390000
Приморский район,76.0,12800000
Московский район,76.3,14960000
Приморский район,76.4,12400000
Московский район,76.5,18300000
Московский район,76.8,25500000
Московский район,77.0,14750000
Приморский район,77.0,13500000
Приморский район,77.7,14500000
Пушкинский район,77.8,12700000
Московский район,78.0,14800000
Московский район,78.0,18999000
Пушкинский район,78.0,9950000
Приморский район,78.1,12500000
Пушкинский район,78.1,9300000
Приморский район,78.2,13300000
Пушкинский район,78.2,8800000
Московский район,78.3,38400000
Приморский район,78.3,19200000
Пушкинский район,78.3,9700000
Пушкинский район,78.4,10990000
Пушкинский район,78.7,9300000
Пушкинский район,78.8,11300000
Приморский район,78.87,22288000
Приморский район,78.9,17510000
Приморский район,78.9,19750000
Московский район,79.1,14500000
Пушкинский район,79.1,16000000
Пушкинский район,79.2,11000000
Приморский район,79.3,15000000
Пушкинский район,79.4,12000000
Приморский район,79.5,11500000
Пушкинский район,79.5,16100000
Приморский район,79.6,14800000
Приморский район,79.7,11700000
Приморский район,79.7,19523000
Пушкинский район,79.7,8000000
Пушкинский район,79.7,11600000
Пушкинский район,79.7,10150000
Пушкинский район,79.8,11400000
Пушкинский район,79.8,11600000
Приморский район,79.9,13399000
Пушкинский район,80.0,12000000
Пушкинский район,80.0,12100000
Пушкинский район,80.0,9000000
Московский район,80.2,15200000
Приморский район,80.34,18057000
Московский район,80.4,20990000
Пушкинский район,80.54,12000000
Приморский район,80.8,19770000
Московский район,81.0,21000000
Московский район,81.0,18000000
Приморский район,81.0,19500000
Приморский район,81.0,18000000
Московский район,81.2,27210000
Пушкинский район,81.2,11280000
Пушкинский район,81.4,18700000
Пушкинский район,81.9,11350000
Приморский район,82.0,19999000
Пушкинский район,82.08,16827000
Московский район,82.1,13800000
Пушкинский район,82.7,24900000
Приморский район,83.0,30000000
Приморский район,83.0,17990000
Пушкинский район,83.0,13000000
Московский район,83.4,13345000
Приморский район,83.4,25450000
Московский район,83.6,14500000
Приморский район,83.6,15200000
Приморский район,83.77,19900000
Московский район,83.9,15940000
Московский район,83.9,15960000
Московский район,83.9,17300000
Московский район,83.9,16360000
Московский район,83.9,16380000
Московский район,84.0,33350000
Приморский район,84.0,18580000
Пушкинский район,84.0,9890000
Приморский район,84.3,15200000
Приморский район,84.4,29000000
Пушкинский район,84.6,10900000
Пушкинский район,85.0,10600000
Московский район,85.5,14940000
Приморский район,85.6,19780000
Московский район,85.8,25900000
Пушкинский район,85.8,11861000
Московский район,85.9,16300000
Московский район,86.0,24500000
Приморский район,86.3,23470000
Пушкинский район,86.5,11000000
Пушкинский район,86.6,17753000
Приморский район,86.8,14300000
Приморский район,86.9,14700000
Московский район,87.3,23500000
Пушкинский район,87.6,12552000
Московский район,87.7,15000000
Московский район,88.0,15990000
Приморский район,88.0,22500000
Московский район,88.3,21500000
Московский район,88.3,21500000
Приморский район,88.3,31200000
Пушкинский район,88.7,10500000
Пушкинский район,89.23,12050000
Московский район,89.3,20000000
Пушкинский район,89.3,11488000
Московский район,89.5,12550000
Пушкинский район,89.7,12017000
Пушкинский район,89.7,15800000
Пушкинский район,89.7,12017000
Пушкинский район,89.7,12017000
Московский район,90.0,21000000
Пушкинский район,90.0,13960000
Приморский район,90.06,26748000
Приморский район,90.5,17600000
Пушкинский район,90.5,12047000
Пушкинский район,90.5,12047000
Приморский район,90.7,18900000
Приморский район,90.8,19040000
Приморский район,91.04,22025000
Пушкинский район,91.1,11990000
Пушкинский район,91.1,11990000
Приморский район,91.3,20490000
Московский район,91.5,21500000
Московский район,92.0,26500000
Приморский район,92.2,18900000
Приморский район,92.28,23080000
Приморский район,92.5,23110000
Московский район,92.6,16200000
Московский район,93.0,20300000
Пушкинский район,93.0,14299000
Приморский район,93.18,24068000
Приморский район,93.25,23583000
Приморский район,93.25,23250000
Пушкинский район,93.4,19500000
Московский район,93.7,22950000
Приморский район,94.0,16000000
Московский район,94.5,11585000
Приморский район,94.5,31999000
Приморский район,94.8,15500000
Московский район,95.3,25600000
Приморский район,95.8,14622000
Пушкинский район,96.0,14600000
Пушкинский район,96.9,12962000
Пушкинский район,96.9,13004000
Приморский район,97.0,16999000
Приморский район,97.0,16999000
Пушкинский район,97.6,12981000
Приморский район,98.0,24190000
Приморский район,98.0,32400000
Приморский район,98.0,19960000
Пушкинский район,98.0,18200000
Приморский район,98.5,14237000
Приморский район,98.5,17990000
Приморский район,98.5,14237000
Приморский район,98.6,23950000
Приморский район,98.9,26450000
Московский район,99.13,28480000
Приморский район,99.87,28900000
Приморский район,99.9,28060000
Московский район,100.0,23900000
Московский район,100.0,35780000
Московский район,100.3,20199000
Московский район,100.5,24900000
Приморский район,100.9,17900000
Московский район,101.2,49500000
Пушкинский район,104.0,15300000
Пушкинский район,104.1,12500000
Приморский район,104.4,17990000
Московский район,105.0,20000000
Пушкинский район,105.0,20850000
Приморский район,105.4,14652000
Московский район,105.7,31950000
Приморский район,105.7,29500000
Московский район,105.8,15990000
Московский район,106.0,30300000
Приморский район,106.0,27500000
Приморский район,106.0,27500000
Приморский район,106.41,27007000
Приморский район,106.41,27006000
Приморский район,106.41,27007000
Московский район,106.6,18150000
Московский район,107.0,24000000
Московский район,108.0,23200000
Московский район,109.0,41999000
Пушкинский район,109.2,15399000
Московский район,109.5,46150000
Московский район,109.6,33997000
Приморский район,110.0,16000000
Пушкинский район,110.0,18499000
Приморский район,110.12,22850000
Приморский район,110.4,23000000
Приморский район,110.7,17000000
Приморский район,110.8,23150000
Московский район,111.8,19700000
Приморский район,112.0,25000000
Московский район,113.0,17650000
Приморский район,113.5,26900000
Московский район,114.0,25500000
Приморский район,114.0,23650000
Приморский район,114.0,36900000
Московский район,115.7,17700000
Приморский район,115.7,30100000
Приморский район,115.9,34030000
Московский район,117.0,38000000
Московский район,117.0,33100000
Приморский район,117.26,34290000
Пушкинский район,118.7,13950000
Московский район,119.0,31490000
Пушкинский район,119.1,24900000
Приморский район,120.0,31600000
Приморский район,121.0,29600000
Приморский район,121.0,34000000
Приморский район,123.0,25000000
Приморский район,125.2,24960000
Московский район,125.42,25500000
Московский район,126.5,18300000
Пушкинский район,127.0,20200000
Московский район,129.2,33700000
Приморский район,130.0,29000000
Приморский район,130.0,27100000
Пушкинский район,130.0,19000000
Приморский район,132.4,22500000
Пушкинский район,132.7,27204000
Пушкинский район,134.16,29700000
Приморский район,135.1,45000000
Пушкинский район,135.2,27716000
Приморский район,136.6,28000000
Московский район,140.0,38930000
Московский район,140.0,39354000
Московский район,140.5,37580000
Московский район,140.5,37994000
Московский район,140.5,37120000
Московский район,141.5,36710000
Московский район,141.5,35205000
Московский район,142.0,36840000
Московский район,142.0,37242000
Московский район,142.1,16000000
Пушкинский район,143.2,27900000
Московский район,144.3,38600000
Московский район,145.4,37670000
Московский район,145.4,38085000
Приморский район,145.4,30400000
Московский район,146.4,35750000
Московский район,149.5,40470000
Московский район,150.1,38490000
Московский район,150.2,37750000
Московский район,150.2,39692000
Приморский район,153.5,45000000
Приморский район,154.5,57700000
Московский район,154.8,40000000
Московский район,155.5,39880000
Московский район,155.5,40300000
Московский район,155.5,41926000
Московский район,155.6,42500000
Московский район,156.0,38000000
Московский район,156.5,39330000
Приморский район,157.0,62500000
Московский район,158.1,41950000
Московский район,159.1,40800000
Приморский район,160.0,22000000
Приморский район,160.2,30500000
Московский район,160.6,51400000
Московский район,163.4,41990000
Московский район,164.0,39500000
Московский район,165.0,38500000
Приморский район,166.0,46480000
Приморский район,167.0,65000000
Приморский район,168.0,42000000
Приморский район,174.0,41600000
Приморский район,197.3,25600000
Приморский район,200.0,66000000
Приморский район,222.5,67500000
Приморский район,230.0,79900000
Московский район,237.0,63000000
Московский район,251.0,39600000
Пушкинский район,292.0,35000000
Пушкинский район,345.0,85000000
Московский район,355.5,47500000
Московский район,355.5,60000000
